coefficient_name,value,constrain
coef_ivt_eatout_escort_othdiscr_othmaint_shopping_social,-0.0175,F
coef_ivt_school_univ,-0.0224,F
coef_ivt_work,-0.0134,F
coef_ivt_atwork,-0.0188,F
coef_topology_walk_multiplier_eatout_escort_othdiscr_othmaint_school_shopping_social_univ_work,15,F
coef_topology_walk_multiplier_atwork,7.5,F
coef_topology_bike_multiplier_eatout_escort_othdiscr_othmaint_school_shopping_social_univ_work,20,F
coef_topology_bike_multiplier_atwork,10,F
coef_topology_trn_multiplier_eatout_escort_othdiscr_othmaint_school_shopping_social_univ_work,2.2,F
coef_topology_trn_multiplier_atwork,2,F
coef_age1619_da_multiplier_eatout_escort_othdiscr_othmaint_shopping_social_work,0,T
coef_age1619_da_multiplier_school_univ,61.66518,F
coef_age1619_da_multiplier_atwork,-0.172,F
coef_age010_trn_multiplier_eatout_escort_othdiscr_othmaint_shopping_social_work,0,T
coef_age010_trn_multiplier_school_univ,69.41071,F
coef_age010_trn_multiplier_atwork,-0.0384,F
coef_age16p_sr_multiplier_eatout_escort_othdiscr_othmaint_shopping_social,78.057144,F
coef_age16p_sr_multiplier_school_univ_work_atwork,0,T
coef_hhsize1_sr_multiplier_eatout_escort_othdiscr_othmaint_school_shopping_social_univ_atwork,0,T
coef_hhsize1_sr_multiplier_work,54.82,F
coef_hhsize2_sr_multiplier_eatout_escort_othdiscr_othmaint_shopping_social_work_atwork,0,T
coef_hhsize2_sr_multiplier_school_univ,28.388393,F
walk_ASC_no_auto_eatout,5.1251173,F
walk_ASC_no_auto_escort,2.8012068,F
walk_ASC_no_auto_othdiscr,3.2665946,F
walk_ASC_no_auto_othmaint,1.287299,F
walk_ASC_no_auto_school,18.414557,F
walk_ASC_no_auto_shopping,2.3768773,F
walk_ASC_no_auto_social,1.8680915,F
walk_ASC_no_auto_univ,6.408967,F
walk_ASC_no_auto_work,5.7672157,F
walk_ASC_no_auto_atwork,6.669213,F
walk_ASC_auto_deficient_eatout,3.274605,F
walk_ASC_auto_deficient_escort,-0.90204656,F
walk_ASC_auto_deficient_othdiscr,2.2494075,F
walk_ASC_auto_deficient_othmaint,1.3690404,F
walk_ASC_auto_deficient_school,3.2573624,F
walk_ASC_auto_deficient_shopping,2.2701733,F
walk_ASC_auto_deficient_social,2.870184,F
walk_ASC_auto_deficient_univ,4.50591,F
walk_ASC_auto_deficient_work,2.4010417,F
walk_ASC_auto_deficient_atwork,0.92546093,F
walk_ASC_auto_sufficient_eatout,1.5516903,F
walk_ASC_auto_sufficient_escort,-0.8116066,F
walk_ASC_auto_sufficient_othdiscr,1.2633476,F
walk_ASC_auto_sufficient_othmaint,0.7999634,F
walk_ASC_auto_sufficient_school,0.6476856,F
walk_ASC_auto_sufficient_shopping,0.7312663,F
walk_ASC_auto_sufficient_social,1.7072186,F
walk_ASC_auto_sufficient_univ,1.0607665,F
walk_ASC_auto_sufficient_work,0.053265337,F
walk_ASC_auto_sufficient_atwork,0.677216,F
bike_ASC_no_auto_eatout,0.86807096,F
bike_ASC_no_auto_escort,-0.716212,F
bike_ASC_no_auto_othdiscr,-0.3764232,F
bike_ASC_no_auto_othmaint,1.5394334,F
bike_ASC_no_auto_school,12.098735,F
bike_ASC_no_auto_shopping,0.8341555,F
bike_ASC_no_auto_social,0.02058321,F
bike_ASC_no_auto_univ,4.2945156,F
bike_ASC_no_auto_work,3.1940088,F
bike_ASC_no_auto_atwork,-0.90725845,F
bike_ASC_auto_deficient_eatout,-1.5691106,F
bike_ASC_auto_deficient_escort,-4.527928,F
bike_ASC_auto_deficient_othdiscr,-0.09246834,F
bike_ASC_auto_deficient_othmaint,-1.5184649,F
bike_ASC_auto_deficient_school,-0.5280678,F
bike_ASC_auto_deficient_shopping,-0.87584466,F
bike_ASC_auto_deficient_social,0.6345214,F
bike_ASC_auto_deficient_univ,-0.669235,F
bike_ASC_auto_deficient_work,0.25318968,F
bike_ASC_auto_deficient_atwork,-0.8074083,F
bike_ASC_auto_sufficient_eatout,-1.2003471,F
bike_ASC_auto_sufficient_escort,-5.0631084,F
bike_ASC_auto_sufficient_othdiscr,-1.0714597,F
bike_ASC_auto_sufficient_othmaint,-2.8083024,F
bike_ASC_auto_sufficient_school,-2.1134686,F
bike_ASC_auto_sufficient_shopping,-2.5662103,F
bike_ASC_auto_sufficient_social,-1.368071,F
bike_ASC_auto_sufficient_univ,-1.9397832,F
bike_ASC_auto_sufficient_work,-1.5800232,F
bike_ASC_auto_sufficient_atwork,15.72017,F
sr2_ASC_no_auto_all,0,T
sr2_ASC_auto_deficient_eatout,0.5882345,F
sr2_ASC_auto_deficient_escort,0,T
sr2_ASC_auto_deficient_othdiscr,0.6601513,F
sr2_ASC_auto_deficient_othmaint,0.2621527,F
sr2_ASC_auto_deficient_school,0.12474365,F
sr2_ASC_auto_deficient_shopping,0.24409756,F
sr2_ASC_auto_deficient_social,1.8558528,F
sr2_ASC_auto_deficient_univ,-1.6922346,F
sr2_ASC_auto_deficient_work,-0.33803123,F
sr2_ASC_auto_deficient_atwork,-2.1102421,F
sr2_ASC_auto_sufficient_eatout,0.86280555,F
sr2_ASC_auto_sufficient_escort,0,T
sr2_ASC_auto_sufficient_othdiscr,0.49684617,F
sr2_ASC_auto_sufficient_othmaint,0.25817883,F
sr2_ASC_auto_sufficient_school,-1.6062657,F
sr2_ASC_auto_sufficient_shopping,0.19770707,F
sr2_ASC_auto_sufficient_social,0.5236025,F
sr2_ASC_auto_sufficient_univ,-1.859427,F
sr2_ASC_auto_sufficient_work,-1.0857458,F
sr2_ASC_auto_sufficient_atwork,-1.4450618,F
sr3p_ASC_no_auto_eatout,0.3219998,F
sr3p_ASC_no_auto_escort,-1.8129267,F
sr3p_ASC_no_auto_othdiscr,0.27216902,F
sr3p_ASC_no_auto_othmaint,-0.8031854,F
sr3p_ASC_no_auto_school,-6.0240827,F
sr3p_ASC_no_auto_shopping,-0.27978948,F
sr3p_ASC_no_auto_social,-1.4036902,F
sr3p_ASC_no_auto_univ,-6.056001,F
sr3p_ASC_no_auto_work,-0.5831269,F
sr3p_ASC_no_auto_atwork,0.5826626,F
sr3p_ASC_auto_deficient_eatout,0.04605236,F
sr3p_ASC_auto_deficient_escort,-0.40818766,F
sr3p_ASC_auto_deficient_othdiscr,1.0470966,F
sr3p_ASC_auto_deficient_othmaint,-1.3493925,F
sr3p_ASC_auto_deficient_school,0.7149571,F
sr3p_ASC_auto_deficient_shopping,-0.073370166,F
sr3p_ASC_auto_deficient_social,1.5007243,F
sr3p_ASC_auto_deficient_univ,-1.7277422,F
sr3p_ASC_auto_deficient_work,-0.8527042,F
sr3p_ASC_auto_deficient_atwork,-2.514658,F
sr3p_ASC_auto_sufficient_eatout,0.8468596,F
sr3p_ASC_auto_sufficient_escort,-0.05741253,F
sr3p_ASC_auto_sufficient_othdiscr,0.58850205,F
sr3p_ASC_auto_sufficient_othmaint,-0.07549867,F
sr3p_ASC_auto_sufficient_school,-1.0201935,F
sr3p_ASC_auto_sufficient_shopping,-0.077571295,F
sr3p_ASC_auto_sufficient_social,0.50617886,F
sr3p_ASC_auto_sufficient_univ,-1.9047098,F
sr3p_ASC_auto_sufficient_work,-1.4699702,F
sr3p_ASC_auto_sufficient_atwork,-1.652174,F
walk_transit_ASC_no_auto_eatout,2.5936368,F
walk_transit_ASC_no_auto_escort,-2.2172081,F
walk_transit_ASC_no_auto_othdiscr,2.2437785,F
walk_transit_ASC_no_auto_othmaint,2.5643456,F
walk_transit_ASC_no_auto_school,21.383749,F
walk_transit_ASC_no_auto_shopping,2.1067476,F
walk_transit_ASC_no_auto_social,1.3814651,F
walk_transit_ASC_no_auto_univ,8.786037,F
walk_transit_ASC_no_auto_work,5.0354166,F
walk_transit_ASC_no_auto_atwork,2.7041876,F
walk_transit_ASC_auto_deficient_eatout,-0.03896324,F
walk_transit_ASC_auto_deficient_escort,-4.960704,F
walk_transit_ASC_auto_deficient_othdiscr,0.9530884,F
walk_transit_ASC_auto_deficient_othmaint,-3.0597258,F
walk_transit_ASC_auto_deficient_school,4.120708,F
walk_transit_ASC_auto_deficient_shopping,-0.8476569,F
walk_transit_ASC_auto_deficient_social,0.97444487,F
walk_transit_ASC_auto_deficient_univ,3.1362555,F
walk_transit_ASC_auto_deficient_work,0.65302855,F
walk_transit_ASC_auto_deficient_atwork,-2.9988291,F
walk_transit_ASC_auto_sufficient_eatout,-1.1126906,F
walk_transit_ASC_auto_sufficient_escort,-4.934847,F
walk_transit_ASC_auto_sufficient_othdiscr,-0.80636793,F
walk_transit_ASC_auto_sufficient_othmaint,-1.5471172,F
walk_transit_ASC_auto_sufficient_school,0.74590874,F
walk_transit_ASC_auto_sufficient_shopping,-2.2036798,F
walk_transit_ASC_auto_sufficient_social,-0.3453759,F
walk_transit_ASC_auto_sufficient_univ,0.4731163,F
walk_transit_ASC_auto_sufficient_work,-0.8916507,F
walk_transit_ASC_auto_sufficient_atwork,-3.401027,F
drive_transit_ASC_no_auto_all,0,T
drive_transit_ASC_auto_deficient_eatout,0.5998061,F
drive_transit_ASC_auto_deficient_escort,-1.1537067,F
drive_transit_ASC_auto_deficient_othdiscr,0.3199308,F
drive_transit_ASC_auto_deficient_othmaint,-0.29943228,F
drive_transit_ASC_auto_deficient_school,5.3252654,F
drive_transit_ASC_auto_deficient_shopping,-0.41849178,F
drive_transit_ASC_auto_deficient_social,1.5627195,F
drive_transit_ASC_auto_deficient_univ,1.8501176,F
drive_transit_ASC_auto_deficient_work,0.10081567,F
drive_transit_ASC_auto_deficient_atwork,-998.8196,F
drive_transit_ASC_auto_sufficient_eatout,-0.96951586,F
drive_transit_ASC_auto_sufficient_escort,-4.6014247,F
drive_transit_ASC_auto_sufficient_othdiscr,-0.3785917,F
drive_transit_ASC_auto_sufficient_othmaint,-2.6249478,F
drive_transit_ASC_auto_sufficient_school,1.40135,F
drive_transit_ASC_auto_sufficient_shopping,-2.1718938,F
drive_transit_ASC_auto_sufficient_social,-0.61585575,F
drive_transit_ASC_auto_sufficient_univ,1.3587753,F
drive_transit_ASC_auto_sufficient_work,-1.0045459,F
drive_transit_ASC_auto_sufficient_atwork,-999.21466,F
taxi_ASC_no_auto_eatout_othdiscr_social,0.5415,F
taxi_ASC_no_auto_escort_othmaint_shopping,0.4206,F
taxi_ASC_no_auto_school_univ,-7,F
taxi_ASC_no_auto_work,3.3083,F
taxi_ASC_no_auto_atwork,3.5519,F
taxi_ASC_auto_deficient_eatout_othdiscr_social,-3.2876,F
taxi_ASC_auto_deficient_escort_othmaint_shopping,-0.5186,F
taxi_ASC_auto_deficient_school,-0.3338,F
taxi_ASC_auto_deficient_univ,4.2519,F
taxi_ASC_auto_deficient_work,-1.1105,F
taxi_ASC_auto_deficient_atwork,-4.7658,F
taxi_ASC_auto_sufficient_eatout_othdiscr_social,-2.2887,F
taxi_ASC_auto_sufficient_escort_othmaint_shopping,-2.3106,F
taxi_ASC_auto_sufficient_school,-2.4294,F
taxi_ASC_auto_sufficient_univ,0.0537,F
taxi_ASC_auto_sufficient_work,-4.5089,F
taxi_ASC_auto_sufficient_atwork,-3.6275,F
tnc_single_ASC_no_auto_eatout_othdiscr_social,0.1592,F
tnc_single_ASC_no_auto_escort_othmaint_shopping,-0.0732,F
tnc_single_ASC_no_auto_school,-7,F
tnc_single_ASC_no_auto_univ,-0.9993,F
tnc_single_ASC_no_auto_work,2.6502,F
tnc_single_ASC_no_auto_atwork,3.147,F
tnc_single_ASC_auto_deficient_eatout_othdiscr_social,-3.6369,F
tnc_single_ASC_auto_deficient_escort_othmaint_shopping,-0.9682,F
tnc_single_ASC_auto_deficient_school,-0.6524,F
tnc_single_ASC_auto_deficient_univ,0.3464,F
tnc_single_ASC_auto_deficient_work,-1.6322,F
tnc_single_ASC_auto_deficient_atwork,-5.0431,F
tnc_single_ASC_auto_sufficient_eatout_othdiscr_social,-2.8104,F
tnc_single_ASC_auto_sufficient_escort_othmaint_shopping,-2.8115,F
tnc_single_ASC_auto_sufficient_school,-2.8375,F
tnc_single_ASC_auto_sufficient_univ,-0.4917,F
tnc_single_ASC_auto_sufficient_work,-4.9703,F
tnc_single_ASC_auto_sufficient_atwork,-3.9106,F
tnc_shared_ASC_no_auto_eatout_othdiscr_social,-0.889,F
tnc_shared_ASC_no_auto_escort_othmaint_shopping,-1.0868,F
tnc_shared_ASC_no_auto_school,-7,F
tnc_shared_ASC_no_auto_univ,-2.6912,F
tnc_shared_ASC_no_auto_work,0.7111,F
tnc_shared_ASC_no_auto_atwork,1.9189,F
tnc_shared_ASC_auto_deficient_eatout_othdiscr_social,-4.5876,F
tnc_shared_ASC_auto_deficient_escort_othmaint_shopping,-1.9093,F
tnc_shared_ASC_auto_deficient_school,-1.4746,F
tnc_shared_ASC_auto_deficient_univ,-2.0394,F
tnc_shared_ASC_auto_deficient_work,-2.9216,F
tnc_shared_ASC_auto_deficient_atwork,-5.7572,F
tnc_shared_ASC_auto_sufficient_eatout_othdiscr_social,-3.9858,F
tnc_shared_ASC_auto_sufficient_escort_othmaint_shopping,-3.783,F
tnc_shared_ASC_auto_sufficient_school,-3.7219,F
tnc_shared_ASC_auto_sufficient_univ,-1.6532,F
tnc_shared_ASC_auto_sufficient_work,-6.1634,F
tnc_shared_ASC_auto_sufficient_atwork,-4.7542,F
joint_walk_ASC_no_auto_all,-0.21274701,F
joint_walk_ASC_auto_deficient_all,-1.9607706,F
joint_walk_ASC_auto_sufficient_all,-3.2352157,F
joint_bike_ASC_no_auto_all,-2.8671598,F
joint_bike_ASC_auto_deficient_all,-6.076415,F
joint_bike_ASC_auto_sufficient_all,-6.3760657,F
joint_sr2_ASC_no_auto_all,0,T
joint_sr2_ASC_auto_deficient_all,0,T
joint_sr2_ASC_auto_sufficient_all,0,T
joint_sr3p_ASC_no_auto_all,0.5630671,F
joint_sr3p_ASC_auto_deficient_all,-1.8841692,F
joint_sr3p_ASC_auto_sufficient_all,-2.234826,F
joint_walk_transit_ASC_no_auto_all,0.62292415,F
joint_walk_transit_ASC_auto_deficient_all,-5.1634483,F
joint_walk_transit_ASC_auto_sufficient_all,-18.264534,F
joint_drive_transit_ASC_no_auto_all,0,T
joint_drive_transit_ASC_auto_deficient_all,-5.9632215,F
joint_drive_transit_ASC_auto_sufficient_all,-8.045285,F
joint_taxi_ASC_no_auto_all,-1.2775,F
joint_taxi_ASC_auto_deficient_all,-6.734,F
joint_taxi_ASC_auto_sufficient_all,-7,F
joint_tnc_single_ASC_no_auto_all,-1.6608,F
joint_tnc_single_ASC_auto_deficient_all,-6.8524,F
joint_tnc_single_ASC_auto_sufficient_all,-7,F
joint_tnc_shared_ASC_no_auto_all,-1.9348,F
joint_tnc_shared_ASC_auto_deficient_all,-7.16,F
joint_tnc_shared_ASC_auto_sufficient_all,-7,F
local_bus_ASC_eatout_escort_othdiscr_othmaint_shopping_social_atwork,-0.090703264,F
local_bus_ASC_school_univ,-0.06508621,F
local_bus_ASC_work,0.06689507,F
walk_light_rail_ASC_eatout_escort_othdiscr_othmaint_shopping_social_atwork,0.76895475,F
walk_light_rail_ASC_school_univ,1.6814003,F
walk_light_rail_ASC_work,0.8255567,F
drive_light_rail_ASC_eatout_escort_othdiscr_othmaint_shopping_social_atwork,0.76895475,F
drive_light_rail_ASC_school_univ,1.6814003,F
drive_light_rail_ASC_work,0.8255567,F
walk_ferry_ASC_eatout_escort_othdiscr_othmaint_shopping_social_atwork,0.9401238,F
walk_ferry_ASC_school_univ,2.0202317,F
walk_ferry_ASC_work,0.93322605,F
drive_ferry_ASC_eatout_escort_othdiscr_othmaint_shopping_social_atwork,0.9401238,F
drive_ferry_ASC_school_univ,2.0202317,F
drive_ferry_ASC_work,0.93322605,F
express_bus_ASC_eatout_escort_othdiscr_othmaint_shopping_social_atwork,0.9692316,F
express_bus_ASC_school_univ,0.32496938,F
express_bus_ASC_work,-0.5165474,F
heavy_rail_ASC_eatout_escort_othdiscr_othmaint_shopping_social_atwork,0.7706121,F
heavy_rail_ASC_school_univ,0.96200377,F
heavy_rail_ASC_work,0.64772975,F
commuter_rail_ASC_eatout_escort_othdiscr_othmaint_shopping_social_atwork,0.7270185,F
commuter_rail_ASC_school_univ,1.0336206,F
commuter_rail_ASC_work,0.725503,F
walk_transit_CBD_ASC_eatout_escort_othdiscr_othmaint_shopping_social,0.525,F
walk_transit_CBD_ASC_school_univ,0.672,F
walk_transit_CBD_ASC_work,0.804,F
walk_transit_CBD_ASC_atwork,0.564,F
drive_transit_CBD_ASC_eatout_escort_othdiscr_othmaint_shopping_social,0.525,F
drive_transit_CBD_ASC_school_univ,0.672,F
drive_transit_CBD_ASC_work,1.1,F
drive_transit_CBD_ASC_atwork,0.564,F